Time 00h 01m 42s, episode reward -2.0, episode length 100
Time 00h 03m 46s, episode reward 0.0, episode length 101
Time 00h 05m 47s, episode reward -2.0, episode length 100
Time 00h 07m 50s, episode reward -2.0, episode length 100
Time 00h 09m 57s, episode reward -2.0, episode length 100
Time 00h 12m 04s, episode reward -2.0, episode length 100
Time 00h 14m 04s, episode reward -2.0, episode length 100
Time 00h 16m 07s, episode reward -2.0, episode length 100
Time 00h 18m 14s, episode reward -2.0, episode length 100
Time 00h 20m 18s, episode reward -2.0, episode length 100
Time 00h 22m 24s, episode reward -2.0, episode length 100
Time 00h 24m 29s, episode reward -2.0, episode length 100
Time 00h 26m 36s, episode reward -2.0, episode length 100
Time 00h 28m 41s, episode reward -2.0, episode length 100
Time 00h 30m 44s, episode reward -2.0, episode length 100
Time 00h 32m 47s, episode reward -2.0, episode length 100
Time 00h 34m 51s, episode reward -2.0, episode length 100
Time 00h 36m 57s, episode reward -2.0, episode length 100
Time 00h 39m 02s, episode reward -2.0, episode length 102
Time 00h 41m 04s, episode reward -2.0, episode length 100
Time 00h 43m 00s, episode reward -2.0, episode length 100
Time 00h 45m 05s, episode reward -2.0, episode length 101
Time 00h 47m 05s, episode reward -2.0, episode length 100
Time 00h 49m 14s, episode reward -2.0, episode length 100
Time 00h 51m 08s, episode reward -2.0, episode length 100
Time 00h 53m 11s, episode reward -2.0, episode length 100
Time 00h 55m 18s, episode reward -2.0, episode length 100
Time 00h 57m 27s, episode reward -2.0, episode length 100
Time 00h 59m 23s, episode reward -2.0, episode length 100
Time 01h 01m 19s, episode reward -2.0, episode length 100
Time 01h 03m 24s, episode reward -2.0, episode length 100
Time 01h 05m 29s, episode reward -2.0, episode length 100
Time 01h 07m 33s, episode reward -2.0, episode length 100
Time 01h 09m 42s, episode reward -2.0, episode length 104
Time 01h 11m 40s, episode reward -2.0, episode length 100
Time 01h 13m 39s, episode reward -2.0, episode length 100
Time 01h 15m 51s, episode reward -2.0, episode length 100
Time 01h 17m 49s, episode reward -2.0, episode length 100
Time 01h 19m 52s, episode reward -2.0, episode length 100
Time 01h 22m 01s, episode reward -2.0, episode length 101
Time 01h 24m 03s, episode reward -2.0, episode length 100
Time 01h 26m 14s, episode reward -2.0, episode length 100
Time 01h 28m 17s, episode reward -2.0, episode length 100
Time 01h 30m 19s, episode reward -2.0, episode length 100
Time 01h 32m 24s, episode reward -2.0, episode length 100
Time 01h 34m 29s, episode reward -2.0, episode length 100
Time 01h 36m 27s, episode reward -2.0, episode length 100
Time 01h 38m 23s, episode reward -2.0, episode length 100
Time 01h 40m 27s, episode reward -2.0, episode length 100
Time 01h 42m 25s, episode reward -2.0, episode length 100
Time 01h 44m 31s, episode reward -2.0, episode length 100
Time 01h 46m 33s, episode reward -2.0, episode length 100
Time 01h 48m 40s, episode reward -2.0, episode length 100
Time 01h 50m 37s, episode reward -2.0, episode length 100
Time 01h 52m 45s, episode reward -2.0, episode length 100
Time 01h 54m 48s, episode reward -2.0, episode length 100
Time 01h 56m 54s, episode reward -2.0, episode length 100
Time 01h 59m 01s, episode reward -2.0, episode length 100
Time 02h 00m 59s, episode reward -2.0, episode length 100
Time 02h 02m 56s, episode reward -2.0, episode length 100
Time 02h 05m 07s, episode reward -2.0, episode length 100
Time 02h 07m 13s, episode reward -2.0, episode length 100
Time 02h 09m 18s, episode reward -2.0, episode length 100
Time 02h 11m 18s, episode reward -2.0, episode length 100
Time 02h 13m 19s, episode reward -2.0, episode length 100
Time 02h 15m 24s, episode reward -2.0, episode length 100
Time 02h 17m 23s, episode reward -2.0, episode length 100
Time 02h 19m 34s, episode reward -2.0, episode length 100
Time 02h 21m 45s, episode reward -2.0, episode length 100
Time 02h 23m 57s, episode reward -2.0, episode length 100
Time 02h 26m 03s, episode reward -2.0, episode length 100
Time 02h 28m 03s, episode reward -2.0, episode length 100
Time 02h 30m 04s, episode reward -2.0, episode length 100
Time 02h 32m 02s, episode reward -2.0, episode length 100
Time 02h 34m 04s, episode reward -2.0, episode length 100
Time 02h 36m 11s, episode reward -2.0, episode length 100
Time 02h 38m 08s, episode reward -2.0, episode length 100
Time 02h 40m 11s, episode reward -2.0, episode length 100
Time 02h 42m 12s, episode reward -2.0, episode length 100
Time 02h 44m 15s, episode reward -2.0, episode length 100
Time 02h 46m 14s, episode reward -2.0, episode length 101
Time 02h 48m 21s, episode reward -2.0, episode length 100
Time 02h 50m 27s, episode reward -2.0, episode length 100
Time 02h 52m 21s, episode reward -2.0, episode length 101
Time 02h 54m 22s, episode reward -2.0, episode length 103
Time 02h 56m 21s, episode reward -2.0, episode length 100
Time 02h 58m 23s, episode reward -2.0, episode length 100
Time 03h 00m 17s, episode reward -2.0, episode length 100
Time 03h 02m 19s, episode reward -2.0, episode length 100
Time 03h 04m 14s, episode reward -2.0, episode length 100
Time 03h 06m 05s, episode reward -2.0, episode length 100
Time 03h 08m 06s, episode reward -2.0, episode length 100
Time 03h 10m 03s, episode reward -2.0, episode length 100
Time 03h 12m 02s, episode reward -2.0, episode length 100
Time 03h 13m 54s, episode reward -2.0, episode length 100
Time 03h 15m 44s, episode reward -2.0, episode length 100
Time 03h 17m 55s, episode reward -2.0, episode length 109
Time 03h 19m 53s, episode reward -2.0, episode length 100
Time 03h 21m 55s, episode reward -2.0, episode length 100
Time 03h 23m 55s, episode reward -2.0, episode length 100
Time 03h 25m 57s, episode reward -2.0, episode length 112
Time 03h 28m 00s, episode reward -2.0, episode length 100
Time 03h 29m 58s, episode reward -2.0, episode length 100
Time 03h 31m 59s, episode reward -2.0, episode length 100
Time 03h 34m 04s, episode reward -2.0, episode length 100
Time 03h 36m 01s, episode reward -2.0, episode length 100
Time 03h 37m 59s, episode reward -2.0, episode length 100
Time 03h 39m 56s, episode reward -2.0, episode length 100
Time 03h 41m 51s, episode reward -2.0, episode length 100
Time 03h 43m 48s, episode reward -2.0, episode length 100
Time 03h 45m 49s, episode reward -2.0, episode length 100
Time 03h 47m 47s, episode reward -2.0, episode length 100
Time 03h 49m 45s, episode reward -2.0, episode length 100
Time 03h 51m 45s, episode reward -2.0, episode length 100
Time 03h 53m 51s, episode reward 0.0, episode length 101
Time 03h 55m 47s, episode reward -2.0, episode length 100
Time 03h 57m 51s, episode reward -2.0, episode length 100
Time 03h 59m 53s, episode reward -2.0, episode length 103
Time 04h 01m 47s, episode reward -2.0, episode length 100
Time 04h 03m 48s, episode reward -2.0, episode length 100
Time 04h 05m 52s, episode reward -2.0, episode length 100
Time 04h 07m 50s, episode reward -2.0, episode length 100
Time 04h 09m 51s, episode reward -2.0, episode length 100
Time 04h 11m 53s, episode reward -2.0, episode length 100
Time 04h 14m 08s, episode reward -2.0, episode length 127
Time 04h 16m 09s, episode reward 0.0, episode length 102
Time 04h 18m 09s, episode reward -2.0, episode length 102
Time 04h 20m 06s, episode reward -2.0, episode length 100
Time 04h 21m 59s, episode reward -2.0, episode length 100
Time 04h 23m 57s, episode reward -2.0, episode length 101
Time 04h 26m 04s, episode reward -2.0, episode length 104
Time 04h 28m 05s, episode reward -2.0, episode length 100
Time 04h 30m 03s, episode reward -2.0, episode length 102
Time 04h 32m 09s, episode reward -2.0, episode length 105
Time 04h 34m 08s, episode reward -2.0, episode length 104
Time 04h 36m 09s, episode reward -2.0, episode length 100
Time 04h 37m 57s, episode reward -2.0, episode length 101
Time 04h 40m 01s, episode reward -2.0, episode length 100
Time 04h 42m 06s, episode reward -2.0, episode length 103
Time 04h 44m 05s, episode reward -2.0, episode length 101
Time 04h 46m 06s, episode reward -2.0, episode length 100
Time 04h 48m 07s, episode reward -2.0, episode length 100
Time 04h 50m 15s, episode reward -2.0, episode length 119
Time 04h 52m 17s, episode reward -2.0, episode length 100
Time 04h 54m 23s, episode reward -2.0, episode length 113
Time 04h 56m 13s, episode reward -2.0, episode length 100
Time 04h 58m 14s, episode reward -2.0, episode length 100
Time 05h 00m 21s, episode reward -2.0, episode length 105
Time 05h 02m 26s, episode reward -2.0, episode length 111
Time 05h 04m 37s, episode reward -2.0, episode length 100
Time 05h 06m 38s, episode reward -2.0, episode length 100
Time 05h 08m 41s, episode reward -2.0, episode length 100
Time 05h 10m 38s, episode reward -2.0, episode length 100
Time 05h 12m 46s, episode reward -2.0, episode length 100
Time 05h 14m 56s, episode reward -2.0, episode length 108
Time 05h 17m 09s, episode reward -2.0, episode length 115
Time 05h 19m 11s, episode reward -2.0, episode length 100
Time 05h 21m 11s, episode reward -2.0, episode length 100
Time 05h 23m 39s, episode reward -2.0, episode length 130
Time 05h 26m 09s, episode reward -3.0, episode length 155
Time 05h 28m 18s, episode reward -2.0, episode length 100
Time 05h 30m 23s, episode reward -2.0, episode length 100
Time 05h 32m 49s, episode reward -2.0, episode length 115
Time 05h 34m 54s, episode reward -2.0, episode length 105
Time 05h 37m 04s, episode reward -2.0, episode length 108
Time 05h 39m 09s, episode reward -2.0, episode length 104
Time 05h 41m 12s, episode reward -2.0, episode length 100
Time 05h 43m 16s, episode reward -2.0, episode length 100
Time 05h 45m 12s, episode reward -2.0, episode length 100
Time 05h 47m 14s, episode reward -2.0, episode length 100
Time 05h 49m 19s, episode reward -2.0, episode length 100
Time 05h 51m 37s, episode reward -2.0, episode length 119
Time 05h 53m 45s, episode reward -2.0, episode length 115
Time 05h 56m 08s, episode reward -2.0, episode length 131
Time 05h 58m 16s, episode reward -2.0, episode length 100
Time 06h 00m 15s, episode reward -2.0, episode length 100
Time 06h 02m 30s, episode reward -2.0, episode length 100
Time 06h 05m 30s, episode reward -4.0, episode length 182
Time 06h 07m 33s, episode reward -2.0, episode length 111
Time 06h 09m 27s, episode reward -2.0, episode length 100
Time 06h 11m 42s, episode reward -2.0, episode length 110
Time 06h 13m 55s, episode reward -2.0, episode length 100
Time 06h 15m 50s, episode reward 0.0, episode length 101
Time 06h 17m 55s, episode reward -2.0, episode length 100
Time 06h 20m 05s, episode reward -2.0, episode length 107
Time 06h 22m 11s, episode reward -2.0, episode length 100
Time 06h 24m 18s, episode reward -2.0, episode length 100
Time 06h 26m 21s, episode reward -2.0, episode length 115
Time 06h 28m 23s, episode reward -2.0, episode length 100
Time 06h 30m 27s, episode reward -2.0, episode length 100
Time 06h 32m 20s, episode reward -2.0, episode length 100
Time 06h 34m 14s, episode reward -2.0, episode length 100
Time 06h 36m 22s, episode reward -2.0, episode length 100
Time 06h 38m 28s, episode reward -2.0, episode length 100
Time 06h 40m 36s, episode reward -2.0, episode length 100
Time 06h 42m 50s, episode reward -2.0, episode length 108
Time 06h 44m 49s, episode reward -2.0, episode length 107
Time 06h 46m 55s, episode reward -2.0, episode length 100
Time 06h 49m 02s, episode reward -2.0, episode length 106
Time 06h 51m 02s, episode reward -2.0, episode length 100
Time 06h 53m 10s, episode reward -2.0, episode length 100
Time 06h 55m 18s, episode reward -2.0, episode length 100
Time 06h 57m 19s, episode reward -2.0, episode length 100
Time 06h 59m 26s, episode reward -2.0, episode length 101
Time 07h 01m 32s, episode reward -2.0, episode length 100
Time 07h 03m 29s, episode reward -2.0, episode length 100
Time 07h 05m 38s, episode reward -2.0, episode length 100
Time 07h 07m 35s, episode reward -2.0, episode length 100
Time 07h 09m 43s, episode reward -2.0, episode length 100
Time 07h 11m 47s, episode reward -2.0, episode length 100
Time 07h 13m 48s, episode reward -2.0, episode length 100
Time 07h 15m 49s, episode reward -2.0, episode length 102
Time 07h 18m 01s, episode reward -2.0, episode length 106
Time 07h 20m 15s, episode reward -2.0, episode length 107
Time 07h 22m 18s, episode reward -2.0, episode length 108
Time 07h 24m 23s, episode reward -2.0, episode length 100
Time 07h 26m 33s, episode reward -2.0, episode length 100
Time 07h 28m 47s, episode reward -2.0, episode length 128
Time 07h 30m 56s, episode reward -2.0, episode length 100
Time 07h 32m 59s, episode reward -2.0, episode length 100
Time 07h 35m 09s, episode reward -2.0, episode length 100
Time 07h 37m 14s, episode reward -2.0, episode length 100
Time 07h 39m 21s, episode reward -2.0, episode length 100
Time 07h 41m 21s, episode reward -2.0, episode length 100
Time 07h 43m 22s, episode reward -2.0, episode length 100
Time 07h 45m 26s, episode reward -2.0, episode length 100
Time 07h 47m 33s, episode reward -2.0, episode length 100
Time 07h 49m 35s, episode reward -2.0, episode length 100
Time 07h 51m 37s, episode reward -2.0, episode length 100
Time 07h 53m 35s, episode reward -2.0, episode length 100
Time 07h 55m 37s, episode reward -2.0, episode length 100
Time 07h 57m 43s, episode reward -2.0, episode length 109
Time 07h 59m 45s, episode reward -2.0, episode length 103
Time 08h 01m 42s, episode reward -2.0, episode length 103
Time 08h 03m 48s, episode reward -2.0, episode length 100
Time 08h 05m 51s, episode reward -2.0, episode length 100
Time 08h 08m 00s, episode reward -2.0, episode length 100
Time 08h 10m 05s, episode reward -2.0, episode length 100
Time 08h 12m 05s, episode reward -2.0, episode length 100
Time 08h 14m 10s, episode reward -2.0, episode length 100
Time 08h 16m 17s, episode reward -2.0, episode length 100
Time 08h 18m 20s, episode reward -2.0, episode length 100
Time 08h 20m 17s, episode reward -2.0, episode length 100
Time 08h 22m 15s, episode reward -2.0, episode length 100
Time 08h 24m 33s, episode reward -2.0, episode length 131
Time 08h 26m 35s, episode reward -2.0, episode length 100
Time 08h 28m 38s, episode reward -2.0, episode length 100
Time 08h 30m 45s, episode reward -2.0, episode length 100
Time 08h 32m 52s, episode reward -2.0, episode length 100
Time 08h 35m 08s, episode reward -2.0, episode length 118
Time 08h 37m 35s, episode reward -3.0, episode length 157
Time 08h 39m 44s, episode reward -2.0, episode length 106
Time 08h 42m 07s, episode reward -3.0, episode length 136
Time 08h 44m 13s, episode reward -2.0, episode length 100
Time 08h 46m 15s, episode reward -2.0, episode length 100
Time 08h 48m 20s, episode reward 0.0, episode length 105
Time 08h 50m 22s, episode reward 1.0, episode length 101
Time 08h 52m 31s, episode reward -2.0, episode length 100
Time 08h 54m 59s, episode reward -2.0, episode length 118
Time 08h 57m 13s, episode reward -2.0, episode length 105
Time 08h 59m 08s, episode reward 0.0, episode length 101
Time 09h 01m 04s, episode reward -2.0, episode length 100
Time 09h 03m 12s, episode reward -2.0, episode length 100
Time 09h 05m 09s, episode reward -2.0, episode length 100
Time 09h 07m 16s, episode reward -2.0, episode length 100
Time 09h 09m 36s, episode reward -2.0, episode length 121
Time 09h 11m 43s, episode reward -2.0, episode length 100
Time 09h 13m 37s, episode reward -2.0, episode length 100
Time 09h 15m 33s, episode reward -2.0, episode length 100
Time 09h 17m 42s, episode reward -2.0, episode length 100
Time 09h 19m 49s, episode reward -2.0, episode length 107
Time 09h 22m 07s, episode reward -2.0, episode length 126
Time 09h 24m 13s, episode reward -2.0, episode length 109
Time 09h 26m 28s, episode reward -2.0, episode length 115
Time 09h 28m 34s, episode reward -2.0, episode length 100
Time 09h 30m 42s, episode reward -2.0, episode length 100
Time 09h 32m 50s, episode reward -2.0, episode length 100
Time 09h 34m 47s, episode reward -2.0, episode length 100
Time 09h 36m 47s, episode reward -2.0, episode length 100
Time 09h 38m 50s, episode reward -2.0, episode length 100
Time 09h 40m 50s, episode reward -2.0, episode length 100
Time 09h 42m 51s, episode reward -2.0, episode length 100
Time 09h 44m 52s, episode reward -2.0, episode length 100
Time 09h 46m 56s, episode reward -2.0, episode length 100
Time 09h 49m 00s, episode reward -2.0, episode length 100
Time 09h 51m 01s, episode reward -2.0, episode length 100
Time 09h 53m 18s, episode reward -2.0, episode length 117
Time 09h 55m 24s, episode reward -2.0, episode length 100
Time 09h 57m 26s, episode reward -2.0, episode length 100
Time 09h 59m 26s, episode reward -2.0, episode length 100
Time 10h 01m 31s, episode reward -2.0, episode length 100
Time 10h 03m 37s, episode reward -2.0, episode length 100
Time 10h 05m 37s, episode reward -2.0, episode length 100
Time 10h 07m 38s, episode reward -2.0, episode length 100
Time 10h 09m 26s, episode reward -2.0, episode length 100
Time 10h 11m 27s, episode reward -2.0, episode length 100
Time 10h 13m 28s, episode reward -2.0, episode length 100
Time 10h 15m 31s, episode reward -2.0, episode length 101
Time 10h 17m 34s, episode reward -2.0, episode length 101
Time 10h 19m 41s, episode reward -2.0, episode length 100
Time 10h 22m 03s, episode reward -3.0, episode length 137
Time 10h 24m 07s, episode reward -2.0, episode length 100
Time 10h 26m 24s, episode reward -2.0, episode length 117
Time 10h 28m 29s, episode reward -2.0, episode length 123
Time 10h 30m 52s, episode reward -2.0, episode length 124
Time 10h 33m 00s, episode reward -2.0, episode length 101
Time 10h 35m 12s, episode reward -2.0, episode length 123
Time 10h 37m 20s, episode reward -2.0, episode length 102
Time 10h 39m 21s, episode reward -2.0, episode length 104
Time 10h 41m 41s, episode reward -2.0, episode length 118
Time 10h 43m 40s, episode reward -2.0, episode length 101
Time 10h 45m 42s, episode reward -2.0, episode length 100
Time 10h 47m 42s, episode reward -2.0, episode length 100
Time 10h 49m 46s, episode reward -2.0, episode length 100
Time 10h 51m 43s, episode reward -2.0, episode length 100
Time 10h 53m 43s, episode reward -2.0, episode length 100
Time 10h 55m 43s, episode reward -2.0, episode length 100
Time 10h 57m 46s, episode reward -2.0, episode length 100
Time 10h 59m 52s, episode reward -2.0, episode length 100
Time 11h 01m 58s, episode reward -2.0, episode length 100
Time 11h 03m 45s, episode reward -2.0, episode length 100
Time 11h 05m 49s, episode reward -2.0, episode length 101
Time 11h 07m 54s, episode reward -2.0, episode length 100
Time 11h 09m 51s, episode reward -2.0, episode length 100
Time 11h 11m 53s, episode reward -2.0, episode length 100
Time 11h 13m 55s, episode reward -2.0, episode length 100
Time 11h 16m 03s, episode reward -2.0, episode length 100
Time 11h 18m 08s, episode reward -2.0, episode length 100
Time 11h 20m 10s, episode reward -2.0, episode length 100
Time 11h 22m 19s, episode reward -2.0, episode length 100
Time 11h 24m 28s, episode reward -2.0, episode length 104
Time 11h 26m 31s, episode reward -2.0, episode length 106
Time 11h 28m 22s, episode reward -2.0, episode length 100
Time 11h 31m 06s, episode reward -3.0, episode length 160
Time 11h 33m 16s, episode reward -2.0, episode length 100
Time 11h 35m 23s, episode reward -2.0, episode length 100
Time 11h 37m 28s, episode reward -2.0, episode length 100
Time 11h 39m 27s, episode reward -2.0, episode length 100
Time 11h 41m 39s, episode reward -2.0, episode length 109
Time 11h 43m 57s, episode reward -2.0, episode length 125
Time 11h 46m 01s, episode reward -2.0, episode length 100
Time 11h 48m 29s, episode reward -3.0, episode length 144
Time 11h 50m 28s, episode reward -2.0, episode length 101
Time 11h 52m 34s, episode reward -2.0, episode length 114
Time 11h 55m 46s, episode reward -5.0, episode length 206
Time 11h 57m 52s, episode reward -2.0, episode length 100
Time 12h 00m 03s, episode reward -2.0, episode length 132
Time 12h 02m 06s, episode reward -2.0, episode length 100
Time 12h 04m 03s, episode reward -2.0, episode length 100
Time 12h 06m 06s, episode reward -2.0, episode length 100
Time 12h 08m 12s, episode reward -2.0, episode length 100
Time 12h 10m 21s, episode reward -2.0, episode length 100
Time 12h 12m 27s, episode reward -2.0, episode length 100
Time 12h 14m 25s, episode reward -2.0, episode length 100
Time 12h 16m 25s, episode reward -2.0, episode length 100
Time 12h 18m 34s, episode reward -2.0, episode length 100
Time 12h 20m 58s, episode reward -2.0, episode length 132
Time 12h 23m 01s, episode reward -2.0, episode length 100
Time 12h 24m 58s, episode reward -2.0, episode length 100
Time 12h 26m 55s, episode reward -2.0, episode length 100
Time 12h 28m 56s, episode reward -2.0, episode length 100
Time 12h 30m 56s, episode reward -2.0, episode length 100
Time 12h 33m 07s, episode reward -2.0, episode length 100
Time 12h 35m 12s, episode reward -2.0, episode length 110
Time 12h 37m 12s, episode reward -2.0, episode length 100
Time 12h 39m 18s, episode reward -2.0, episode length 100
Time 12h 41m 54s, episode reward -3.0, episode length 138
Time 12h 44m 03s, episode reward -2.0, episode length 100
Time 12h 46m 08s, episode reward -2.0, episode length 106
Time 12h 48m 20s, episode reward -2.0, episode length 105
Time 12h 50m 33s, episode reward -2.0, episode length 126
Time 12h 52m 46s, episode reward -2.0, episode length 104
Time 12h 54m 52s, episode reward -2.0, episode length 100
Time 12h 56m 52s, episode reward -2.0, episode length 100
Time 12h 58m 51s, episode reward -2.0, episode length 100
Time 13h 00m 58s, episode reward -2.0, episode length 100
Time 13h 03m 07s, episode reward -2.0, episode length 100
Time 13h 05m 07s, episode reward -2.0, episode length 100
Time 13h 07m 13s, episode reward -2.0, episode length 100
Time 13h 09m 08s, episode reward -2.0, episode length 100
Time 13h 11m 15s, episode reward -2.0, episode length 100
Time 13h 13m 21s, episode reward -2.0, episode length 100
Time 13h 15m 25s, episode reward -2.0, episode length 100
Time 13h 17m 25s, episode reward -2.0, episode length 100
Time 13h 19m 27s, episode reward -2.0, episode length 100
Time 13h 21m 33s, episode reward -2.0, episode length 100
Time 13h 23m 31s, episode reward -2.0, episode length 100
Time 13h 25m 39s, episode reward -2.0, episode length 106
Time 13h 27m 54s, episode reward -2.0, episode length 116
Time 13h 30m 20s, episode reward -2.0, episode length 124
Time 13h 33m 17s, episode reward -4.0, episode length 177
Time 13h 35m 20s, episode reward -2.0, episode length 100
Time 13h 37m 23s, episode reward -2.0, episode length 100
Time 13h 39m 25s, episode reward -2.0, episode length 100
Time 13h 41m 26s, episode reward -2.0, episode length 100
Time 13h 43m 34s, episode reward -2.0, episode length 100
Time 13h 46m 09s, episode reward -3.0, episode length 153
Time 13h 48m 29s, episode reward -2.0, episode length 126
Time 13h 50m 31s, episode reward -2.0, episode length 105
Time 13h 52m 47s, episode reward -2.0, episode length 118
Time 13h 55m 02s, episode reward -2.0, episode length 100
Time 13h 57m 15s, episode reward -2.0, episode length 100
Time 13h 59m 27s, episode reward -2.0, episode length 100
Time 14h 01m 26s, episode reward -2.0, episode length 100
Time 14h 03m 44s, episode reward -2.0, episode length 128
Time 14h 06m 10s, episode reward -2.0, episode length 129
Time 14h 08m 17s, episode reward -2.0, episode length 100
Time 14h 10m 19s, episode reward -2.0, episode length 100
Time 14h 12m 21s, episode reward -2.0, episode length 100
Time 14h 14m 19s, episode reward -2.0, episode length 100
Time 14h 16m 13s, episode reward -2.0, episode length 100
Time 14h 18m 20s, episode reward -2.0, episode length 100
Time 14h 20m 22s, episode reward -2.0, episode length 100
Time 14h 22m 27s, episode reward -2.0, episode length 100
Time 14h 24m 33s, episode reward -2.0, episode length 100
Time 14h 26m 35s, episode reward -2.0, episode length 100
Time 14h 28m 37s, episode reward -2.0, episode length 100
Time 14h 30m 38s, episode reward -2.0, episode length 100
Time 14h 32m 48s, episode reward -2.0, episode length 100
Time 14h 34m 58s, episode reward -2.0, episode length 100
Time 14h 37m 00s, episode reward -2.0, episode length 100
Time 14h 38m 57s, episode reward -2.0, episode length 100
Time 14h 40m 59s, episode reward -2.0, episode length 100
Time 14h 43m 02s, episode reward -2.0, episode length 100
Time 14h 44m 54s, episode reward -2.0, episode length 100
Time 14h 47m 50s, episode reward -4.0, episode length 175
Time 14h 49m 39s, episode reward -2.0, episode length 100
Time 14h 51m 38s, episode reward -2.0, episode length 100
Time 14h 53m 46s, episode reward -2.0, episode length 100
Time 14h 56m 02s, episode reward -2.0, episode length 113
Time 14h 59m 18s, episode reward -4.0, episode length 202
Time 15h 01m 50s, episode reward -3.0, episode length 139
Time 15h 03m 58s, episode reward -2.0, episode length 107
Time 15h 06m 02s, episode reward -2.0, episode length 100
Time 15h 08m 02s, episode reward -2.0, episode length 100
Time 15h 10m 00s, episode reward -2.0, episode length 100
Time 15h 12m 05s, episode reward -2.0, episode length 100
Time 15h 14m 06s, episode reward -2.0, episode length 100
Time 15h 16m 09s, episode reward -2.0, episode length 110
Time 15h 18m 13s, episode reward -2.0, episode length 100
Time 15h 20m 20s, episode reward -2.0, episode length 105
Time 15h 22m 21s, episode reward -2.0, episode length 101
Time 15h 25m 07s, episode reward -3.0, episode length 166
Time 15h 27m 29s, episode reward -2.0, episode length 120
Time 15h 29m 28s, episode reward -2.0, episode length 101
Time 15h 31m 36s, episode reward -2.0, episode length 115
Time 15h 33m 52s, episode reward -2.0, episode length 118
Time 15h 35m 56s, episode reward -2.0, episode length 100
Time 15h 38m 15s, episode reward -2.0, episode length 117
Time 15h 40m 36s, episode reward -3.0, episode length 139
Time 15h 43m 41s, episode reward -4.0, episode length 198
Time 15h 45m 29s, episode reward -2.0, episode length 100
Time 15h 47m 28s, episode reward -2.0, episode length 100
Time 15h 49m 27s, episode reward -2.0, episode length 100
Time 15h 51m 31s, episode reward -2.0, episode length 100
Time 15h 53m 41s, episode reward -2.0, episode length 100
Time 15h 55m 42s, episode reward -2.0, episode length 100
Time 15h 57m 35s, episode reward -2.0, episode length 100
Time 15h 59m 33s, episode reward -2.0, episode length 100
Time 16h 01m 33s, episode reward -2.0, episode length 106
Time 16h 03m 44s, episode reward -2.0, episode length 105
Time 16h 05m 44s, episode reward -2.0, episode length 100
Time 16h 07m 50s, episode reward -2.0, episode length 109
Time 16h 09m 51s, episode reward -2.0, episode length 100
Time 16h 11m 53s, episode reward -2.0, episode length 100
Time 16h 14m 03s, episode reward -2.0, episode length 100
Time 16h 16m 04s, episode reward -2.0, episode length 100
Time 16h 19m 16s, episode reward -4.0, episode length 203
Time 16h 21m 20s, episode reward -2.0, episode length 103
Time 16h 23m 20s, episode reward -2.0, episode length 103
Time 16h 25m 24s, episode reward -2.0, episode length 118
Time 16h 27m 29s, episode reward -2.0, episode length 100
Time 16h 29m 53s, episode reward -2.0, episode length 130
Time 16h 32m 14s, episode reward -2.0, episode length 124
Time 16h 34m 23s, episode reward -2.0, episode length 121
Time 16h 36m 29s, episode reward -2.0, episode length 100
Time 16h 38m 51s, episode reward -2.0, episode length 121
Time 16h 41m 55s, episode reward -5.0, episode length 210
Time 16h 44m 11s, episode reward -2.0, episode length 125
Time 16h 46m 10s, episode reward -2.0, episode length 121
Time 16h 48m 57s, episode reward -3.0, episode length 156
Time 16h 51m 32s, episode reward -3.0, episode length 146
Time 16h 54m 08s, episode reward -3.0, episode length 147
Time 16h 56m 31s, episode reward -3.0, episode length 140
Time 16h 58m 37s, episode reward -2.0, episode length 105
Time 17h 01m 11s, episode reward -3.0, episode length 146
Time 17h 03m 27s, episode reward -2.0, episode length 105
Time 17h 05m 30s, episode reward -2.0, episode length 101
Time 17h 07m 31s, episode reward -2.0, episode length 100
Time 17h 09m 44s, episode reward -2.0, episode length 101
Time 17h 12m 12s, episode reward -3.0, episode length 137
Time 17h 14m 10s, episode reward -2.0, episode length 101
Time 17h 16m 49s, episode reward -3.0, episode length 166
Time 17h 18m 55s, episode reward -2.0, episode length 100
Time 17h 21m 06s, episode reward -2.0, episode length 100
Time 17h 23m 08s, episode reward -2.0, episode length 100
Time 17h 25m 16s, episode reward -2.0, episode length 100
Time 17h 27m 29s, episode reward -3.0, episode length 141
Time 17h 29m 26s, episode reward -2.0, episode length 101
Time 17h 31m 24s, episode reward -2.0, episode length 100
Time 17h 33m 20s, episode reward -2.0, episode length 100
Time 17h 35m 30s, episode reward -2.0, episode length 100
Time 17h 37m 34s, episode reward -2.0, episode length 101
Time 17h 39m 38s, episode reward -2.0, episode length 101
Time 17h 41m 42s, episode reward -2.0, episode length 100
Time 17h 43m 46s, episode reward -2.0, episode length 100
Time 17h 45m 41s, episode reward -2.0, episode length 100
Time 17h 47m 54s, episode reward -2.0, episode length 100
Time 17h 50m 00s, episode reward -2.0, episode length 100
Time 17h 52m 06s, episode reward -2.0, episode length 100
Time 17h 54m 10s, episode reward -2.0, episode length 109
Time 17h 56m 23s, episode reward -2.0, episode length 111
Time 17h 58m 33s, episode reward -2.0, episode length 123
Time 18h 00m 59s, episode reward -3.0, episode length 134
Time 18h 03m 03s, episode reward -2.0, episode length 100
Time 18h 05m 08s, episode reward -2.0, episode length 100
Time 18h 07m 16s, episode reward -2.0, episode length 100
Time 18h 09m 14s, episode reward -2.0, episode length 100
Time 18h 11m 15s, episode reward -2.0, episode length 100
Time 18h 13m 18s, episode reward -2.0, episode length 100
Time 18h 15m 13s, episode reward -2.0, episode length 100
Time 18h 17m 26s, episode reward -2.0, episode length 124
Time 18h 19m 58s, episode reward -2.0, episode length 113
Time 18h 22m 42s, episode reward -2.0, episode length 118
Time 18h 25m 17s, episode reward -2.0, episode length 100
Time 18h 28m 52s, episode reward -3.0, episode length 162
Time 18h 32m 26s, episode reward -4.0, episode length 173
Time 18h 34m 59s, episode reward -2.0, episode length 100
Time 18h 37m 48s, episode reward -2.0, episode length 113
Time 18h 40m 30s, episode reward -2.0, episode length 114
Time 18h 43m 26s, episode reward -2.0, episode length 132
Time 18h 46m 00s, episode reward -2.0, episode length 101
Time 18h 49m 39s, episode reward -4.0, episode length 178
Time 18h 52m 56s, episode reward -4.0, episode length 182
Time 18h 55m 24s, episode reward -2.0, episode length 101
Time 18h 58m 17s, episode reward -2.0, episode length 127
Time 19h 00m 59s, episode reward -2.0, episode length 115
Time 19h 03m 40s, episode reward -2.0, episode length 115
Time 19h 06m 26s, episode reward -2.0, episode length 114
Time 19h 09m 06s, episode reward -2.0, episode length 111
Time 19h 12m 13s, episode reward -2.0, episode length 132
Time 19h 14m 54s, episode reward -2.0, episode length 116
Time 19h 17m 47s, episode reward -2.0, episode length 125
^[tetherTime 19h 20m 16s, episode reward -2.0, episode length 101
Time 19h 22m 44s, episode reward -2.0, episode length 101
Time 19h 25m 16s, episode reward -2.0, episode length 101
Time 19h 27m 32s, episode reward -2.0, episode length 101
Time 19h 30m 00s, episode reward -2.0, episode length 106
Time 19h 33m 22s, episode reward -2.0, episode length 156
Time 19h 35m 51s, episode reward -2.0, episode length 101
Time 19h 38m 55s, episode reward -3.0, episode length 136
Time 19h 42m 29s, episode reward -3.0, episode length 168
Time 19h 46m 03s, episode reward -4.0, episode length 177
Time 19h 49m 28s, episode reward -3.0, episode length 159
Time 19h 51m 50s, episode reward -2.0, episode length 100
Time 19h 54m 18s, episode reward -2.0, episode length 101
Time 19h 56m 50s, episode reward -2.0, episode length 101
Time 19h 59m 16s, episode reward -2.0, episode length 100
Time 20h 01m 30s, episode reward -2.0, episode length 100
Time 20h 03m 57s, episode reward -2.0, episode length 100
Time 20h 06m 29s, episode reward -2.0, episode length 100
Time 20h 08m 57s, episode reward -2.0, episode length 100
Time 20h 11m 22s, episode reward -2.0, episode length 100
Time 20h 13m 51s, episode reward -2.0, episode length 100
Time 20h 16m 50s, episode reward -3.0, episode length 138
Time 20h 19m 38s, episode reward -2.0, episode length 124
Time 20h 22m 43s, episode reward -3.0, episode length 136
Time 20h 26m 00s, episode reward -3.0, episode length 156
Time 20h 28m 43s, episode reward -2.0, episode length 115
Time 20h 31m 24s, episode reward -2.0, episode length 110
Time 20h 34m 10s, episode reward -3.0, episode length 140
Time 20h 36m 30s, episode reward -2.0, episode length 100
Time 20h 39m 02s, episode reward -2.0, episode length 100
Time 20h 41m 54s, episode reward -2.0, episode length 122
Time 20h 44m 43s, episode reward -2.0, episode length 124
Time 20h 47m 19s, episode reward -2.0, episode length 104
Time 20h 49m 47s, episode reward -2.0, episode length 104
Time 20h 52m 28s, episode reward -2.0, episode length 111
Time 20h 56m 11s, episode reward -4.0, episode length 182
Time 20h 59m 38s, episode reward -3.0, episode length 162
Time 21h 02m 10s, episode reward -2.0, episode length 100
Time 21h 04m 53s, episode reward -2.0, episode length 115
Time 21h 07m 21s, episode reward -2.0, episode length 107
Time 21h 09m 47s, episode reward -2.0, episode length 108
Time 21h 13m 38s, episode reward -4.0, episode length 188
Time 21h 16m 43s, episode reward -3.0, episode length 144
Time 21h 19m 10s, episode reward -2.0, episode length 100
Time 21h 23m 03s, episode reward -4.0, episode length 192
Time 21h 25m 35s, episode reward -2.0, episode length 100
Time 21h 28m 18s, episode reward -2.0, episode length 115
Time 21h 31m 50s, episode reward -4.0, episode length 174
Time 21h 34m 47s, episode reward -2.0, episode length 130
Time 21h 37m 35s, episode reward -2.0, episode length 118
Time 21h 40m 25s, episode reward -2.0, episode length 126
Time 21h 42m 59s, episode reward -2.0, episode length 123
Time 21h 45m 48s, episode reward -3.0, episode length 134
Time 21h 48m 41s, episode reward -2.0, episode length 125
Time 21h 51m 27s, episode reward -2.0, episode length 116
Time 21h 54m 07s, episode reward -2.0, episode length 111
Time 21h 56m 49s, episode reward -2.0, episode length 112
Time 21h 59m 31s, episode reward -2.0, episode length 115
Time 22h 02m 15s, episode reward -2.0, episode length 116
Time 22h 04m 54s, episode reward -2.0, episode length 105
Time 22h 07m 36s, episode reward -2.0, episode length 114
Time 22h 10m 38s, episode reward -3.0, episode length 135
Time 22h 13m 10s, episode reward -2.0, episode length 104
Time 22h 15m 30s, episode reward -2.0, episode length 104
Time 22h 17m 55s, episode reward -2.0, episode length 102
Time 22h 20m 26s, episode reward -2.0, episode length 102
Time 22h 23m 00s, episode reward -2.0, episode length 102
Time 22h 25m 31s, episode reward -2.0, episode length 101
Time 22h 28m 00s, episode reward -2.0, episode length 101
Time 22h 31m 14s, episode reward -3.0, episode length 154
Time 22h 34m 05s, episode reward -2.0, episode length 125
Time 22h 36m 39s, episode reward -2.0, episode length 100
Time 22h 39m 38s, episode reward -3.0, episode length 139
Time 22h 42m 07s, episode reward -2.0, episode length 100
Time 22h 44m 41s, episode reward -2.0, episode length 107
Time 22h 47m 18s, episode reward -2.0, episode length 106
Time 22h 49m 39s, episode reward -2.0, episode length 111
Time 22h 52m 09s, episode reward -2.0, episode length 115
Time 22h 54m 46s, episode reward -2.0, episode length 117
Time 22h 57m 37s, episode reward -2.0, episode length 125
Time 23h 00m 47s, episode reward -3.0, episode length 144
Time 23h 03m 23s, episode reward -2.0, episode length 105
Time 23h 06m 04s, episode reward -2.0, episode length 114
Time 23h 08m 56s, episode reward -3.0, episode length 134
Time 23h 12m 54s, episode reward -4.0, episode length 197
Time 23h 15m 27s, episode reward -2.0, episode length 101
Time 23h 18m 00s, episode reward -2.0, episode length 101
Time 23h 20m 54s, episode reward -2.0, episode length 132
Time 23h 23m 21s, episode reward -2.0, episode length 100
Time 23h 25m 49s, episode reward -2.0, episode length 114
Time 23h 28m 25s, episode reward -2.0, episode length 110
Time 23h 31m 04s, episode reward -2.0, episode length 113
Time 23h 33m 46s, episode reward -2.0, episode length 116
Time 23h 36m 24s, episode reward -2.0, episode length 113
Time 23h 39m 06s, episode reward -2.0, episode length 116
Time 23h 42m 00s, episode reward -2.0, episode length 131
Time 23h 45m 39s, episode reward -4.0, episode length 173
Time 23h 48m 12s, episode reward -2.0, episode length 104
Time 23h 51m 00s, episode reward -2.0, episode length 119
Time 23h 53m 30s, episode reward -2.0, episode length 100
Time 23h 56m 50s, episode reward -3.0, episode length 162
Time 23h 59m 13s, episode reward -2.0, episode length 100
Time 00h 02m 55s, episode reward -4.0, episode length 190
Time 00h 05m 27s, episode reward -2.0, episode length 100
Time 00h 07m 56s, episode reward -2.0, episode length 100
Time 00h 11m 10s, episode reward -3.0, episode length 152
Time 00h 14m 19s, episode reward -3.0, episode length 144
Time 00h 17m 10s, episode reward -2.0, episode length 125
Time 00h 19m 50s, episode reward -2.0, episode length 111
Time 00h 22m 40s, episode reward -2.0, episode length 127
Time 00h 25m 43s, episode reward -2.0, episode length 131
Time 00h 28m 09s, episode reward -2.0, episode length 102
Time 00h 30m 46s, episode reward -2.0, episode length 105
Time 00h 33m 06s, episode reward -2.0, episode length 107
Time 00h 35m 34s, episode reward -2.0, episode length 108
Time 00h 38m 16s, episode reward -2.0, episode length 113
Time 00h 41m 06s, episode reward -2.0, episode length 128
Time 00h 43m 35s, episode reward -2.0, episode length 100
Time 00h 46m 12s, episode reward -2.0, episode length 100
Time 00h 49m 38s, episode reward -3.0, episode length 160
Time 00h 52m 20s, episode reward -2.0, episode length 118
Time 00h 55m 26s, episode reward -3.0, episode length 140
Time 00h 58m 57s, episode reward -3.0, episode length 168
Time 01h 01m 28s, episode reward -2.0, episode length 109
Time 01h 04m 00s, episode reward -2.0, episode length 104
Time 01h 06m 37s, episode reward -2.0, episode length 110
Time 01h 09m 42s, episode reward -3.0, episode length 149
Time 01h 12m 33s, episode reward -2.0, episode length 133
Time 01h 15m 29s, episode reward -2.0, episode length 132
Time 01h 18m 09s, episode reward -2.0, episode length 113
Time 01h 21m 04s, episode reward -2.0, episode length 133
Time 01h 25m 01s, episode reward -4.0, episode length 203
Time 01h 28m 51s, episode reward -4.0, episode length 193
Time 01h 31m 33s, episode reward -2.0, episode length 113
Time 01h 34m 09s, episode reward -2.0, episode length 107
Time 01h 37m 00s, episode reward -2.0, episode length 123
Time 01h 40m 11s, episode reward -3.0, episode length 152
Time 01h 43m 11s, episode reward -3.0, episode length 153
Time 01h 45m 42s, episode reward -2.0, episode length 111
Time 01h 48m 22s, episode reward -2.0, episode length 109
Time 01h 51m 01s, episode reward -2.0, episode length 111
Time 01h 53m 42s, episode reward -2.0, episode length 112
Time 01h 56m 28s, episode reward -2.0, episode length 122
Time 01h 59m 00s, episode reward -2.0, episode length 100
Time 02h 01m 30s, episode reward -2.0, episode length 100
Time 02h 04m 55s, episode reward -3.0, episode length 165
Time 02h 08m 13s, episode reward -3.0, episode length 156
Time 02h 10m 53s, episode reward -2.0, episode length 110
Time 02h 13m 29s, episode reward -2.0, episode length 108
Time 02h 16m 09s, episode reward -3.0, episode length 136
Time 02h 18m 36s, episode reward -2.0, episode length 115
Time 02h 21m 22s, episode reward -2.0, episode length 116
Time 02h 24m 09s, episode reward -2.0, episode length 121
Time 02h 26m 48s, episode reward -2.0, episode length 114
Time 02h 29m 33s, episode reward -2.0, episode length 118
Time 02h 33m 30s, episode reward -4.0, episode length 198
Time 02h 36m 27s, episode reward -3.0, episode length 137
Time 02h 40m 27s, episode reward -4.0, episode length 202
Time 02h 42m 58s, episode reward -2.0, episode length 100
Time 02h 45m 32s, episode reward -2.0, episode length 100
Time 02h 47m 57s, episode reward -2.0, episode length 100
Time 02h 50m 15s, episode reward -2.0, episode length 100
Time 02h 52m 36s, episode reward -2.0, episode length 100
Time 02h 55m 12s, episode reward -2.0, episode length 104
Time 02h 57m 45s, episode reward -2.0, episode length 106
Time 03h 00m 15s, episode reward -2.0, episode length 104
Time 03h 02m 51s, episode reward -2.0, episode length 106
Time 03h 05m 34s, episode reward -2.0, episode length 110
Time 03h 08m 14s, episode reward -2.0, episode length 109
Time 03h 10m 49s, episode reward -2.0, episode length 107
Time 03h 13m 23s, episode reward -2.0, episode length 111
Time 03h 16m 04s, episode reward -2.0, episode length 108
Time 03h 18m 43s, episode reward -2.0, episode length 110
Time 03h 21m 12s, episode reward -2.0, episode length 105
Time 03h 23m 43s, episode reward -2.0, episode length 100
Time 03h 26m 07s, episode reward -2.0, episode length 100
Time 03h 28m 35s, episode reward -2.0, episode length 100
Time 03h 31m 05s, episode reward -2.0, episode length 100
Time 03h 33m 32s, episode reward -2.0, episode length 100
Time 03h 36m 00s, episode reward -2.0, episode length 100
Time 03h 38m 29s, episode reward -2.0, episode length 100
Time 03h 40m 54s, episode reward -2.0, episode length 100
Time 03h 43m 27s, episode reward -2.0, episode length 106
Time 03h 45m 59s, episode reward -2.0, episode length 100
Time 03h 48m 30s, episode reward -2.0, episode length 100
Time 03h 50m 56s, episode reward -2.0, episode length 100
Time 03h 53m 24s, episode reward -2.0, episode length 100
Time 03h 55m 55s, episode reward -2.0, episode length 100
Time 03h 58m 13s, episode reward -2.0, episode length 100
Time 04h 00m 31s, episode reward -2.0, episode length 100
Time 04h 02m 59s, episode reward -2.0, episode length 100
Time 04h 05m 44s, episode reward -2.0, episode length 116
Time 04h 08m 17s, episode reward -2.0, episode length 105
Time 04h 10m 53s, episode reward -2.0, episode length 107
Time 04h 13m 33s, episode reward -2.0, episode length 110
Time 04h 16m 25s, episode reward -2.0, episode length 124
Time 04h 18m 50s, episode reward -2.0, episode length 100
Time 04h 21m 37s, episode reward -2.0, episode length 119
Time 04h 23m 59s, episode reward -2.0, episode length 100
Time 04h 26m 31s, episode reward -2.0, episode length 100
Time 04h 29m 06s, episode reward -2.0, episode length 100
Time 04h 31m 35s, episode reward -2.0, episode length 100
Time 04h 33m 54s, episode reward -2.0, episode length 100
Time 04h 36m 12s, episode reward -2.0, episode length 100
Time 04h 38m 43s, episode reward -2.0, episode length 100
Time 04h 41m 17s, episode reward -2.0, episode length 100
Time 04h 43m 46s, episode reward -2.0, episode length 100
Time 04h 46m 56s, episode reward -3.0, episode length 146
Time 04h 50m 29s, episode reward -4.0, episode length 172
Time 04h 53m 08s, episode reward -2.0, episode length 107
Time 04h 55m 45s, episode reward -2.0, episode length 108
Time 04h 58m 47s, episode reward -3.0, episode length 140
Time 05h 01m 35s, episode reward -2.0, episode length 119
Time 05h 04m 45s, episode reward -3.0, episode length 143
Time 05h 07m 02s, episode reward -2.0, episode length 107
Time 05h 09m 29s, episode reward -2.0, episode length 105
Time 05h 12m 24s, episode reward -2.0, episode length 129
Time 05h 15m 04s, episode reward -2.0, episode length 109
Time 05h 18m 20s, episode reward -3.0, episode length 154
Time 05h 21m 52s, episode reward -4.0, episode length 171
Time 05h 24m 24s, episode reward -2.0, episode length 102
Time 05h 26m 56s, episode reward -2.0, episode length 102
Time 05h 29m 28s, episode reward -2.0, episode length 102
Time 05h 32m 01s, episode reward 0.0, episode length 101
Time 05h 34m 31s, episode reward -2.0, episode length 102
Time 05h 37m 09s, episode reward -2.0, episode length 102
Time 05h 39m 39s, episode reward 0.0, episode length 102
Time 05h 41m 59s, episode reward -2.0, episode length 101
Time 05h 44m 44s, episode reward -3.0, episode length 135
Time 05h 47m 39s, episode reward -2.0, episode length 129
Time 05h 50m 42s, episode reward -3.0, episode length 137
Time 05h 53m 31s, episode reward -2.0, episode length 120
Time 05h 56m 20s, episode reward -2.0, episode length 125
Time 05h 59m 19s, episode reward -2.0, episode length 132
Time 06h 01m 58s, episode reward -2.0, episode length 112
Time 06h 04m 43s, episode reward -2.0, episode length 120
Time 06h 07m 24s, episode reward -2.0, episode length 114
Time 06h 10m 07s, episode reward -2.0, episode length 113
Time 06h 12m 42s, episode reward -2.0, episode length 108
Time 06h 15m 17s, episode reward -2.0, episode length 112
Time 06h 17m 38s, episode reward -2.0, episode length 101
Time 06h 21m 08s, episode reward -3.0, episode length 167
Time 06h 24m 11s, episode reward -2.0, episode length 132
Time 06h 27m 41s, episode reward -4.0, episode length 171
Time 06h 30m 46s, episode reward -3.0, episode length 138
Time 06h 33m 55s, episode reward -3.0, episode length 140
Time 06h 37m 01s, episode reward -3.0, episode length 145
Time 06h 40m 17s, episode reward -3.0, episode length 156
Time 06h 43m 26s, episode reward -3.0, episode length 145
Time 06h 46m 30s, episode reward -3.0, episode length 139
Time 06h 49m 34s, episode reward -3.0, episode length 144
Time 06h 52m 40s, episode reward -3.0, episode length 157
Time 06h 56m 06s, episode reward -3.0, episode length 153
Time 06h 59m 15s, episode reward -3.0, episode length 142
Time 07h 02m 01s, episode reward -2.0, episode length 119
Time 07h 05m 37s, episode reward -4.0, episode length 171
Time 07h 10m 42s, episode reward -6.0, episode length 272
Time 07h 13m 12s, episode reward -2.0, episode length 100
Time 07h 15m 42s, episode reward -2.0, episode length 100
Time 07h 18m 11s, episode reward -2.0, episode length 100
Time 07h 20m 51s, episode reward -2.0, episode length 113
Time 07h 23m 41s, episode reward -2.0, episode length 123
Time 07h 27m 01s, episode reward -4.0, episode length 173
Time 07h 29m 45s, episode reward -2.0, episode length 117
Time 07h 32m 36s, episode reward -2.0, episode length 125
Time 07h 36m 20s, episode reward -3.0, episode length 178
Time 07h 38m 48s, episode reward -1.0, episode length 101
Time 07h 41m 21s, episode reward 0.0, episode length 101
Time 07h 43m 53s, episode reward 0.0, episode length 101
Time 07h 46m 23s, episode reward -2.0, episode length 101
Time 07h 48m 59s, episode reward -2.0, episode length 105
Time 07h 52m 52s, episode reward -4.0, episode length 194
Time 07h 56m 25s, episode reward -3.0, episode length 175
Time 07h 59m 48s, episode reward -2.0, episode length 169
Time 08h 02m 51s, episode reward -3.0, episode length 166
Time 08h 06m 10s, episode reward -3.0, episode length 148
Time 08h 09m 13s, episode reward -2.0, episode length 133
Time 08h 12m 13s, episode reward -3.0, episode length 135
Time 08h 15m 25s, episode reward -3.0, episode length 144
Time 08h 18m 36s, episode reward -3.0, episode length 141
Time 08h 21m 50s, episode reward -3.0, episode length 144
Time 08h 24m 25s, episode reward 0.0, episode length 101
Time 08h 26m 56s, episode reward 0.0, episode length 101
Time 08h 29m 29s, episode reward -1.0, episode length 101
Time 08h 32m 01s, episode reward 1.0, episode length 101
Time 08h 34m 22s, episode reward -1.0, episode length 101
Time 08h 36m 47s, episode reward 0.0, episode length 101
Time 08h 39m 17s, episode reward 0.0, episode length 101
Time 08h 41m 45s, episode reward 0.0, episode length 101
Time 08h 44m 14s, episode reward 0.0, episode length 101
Time 08h 46m 50s, episode reward -1.0, episode length 102
Time 08h 49m 31s, episode reward -2.0, episode length 114
Time 08h 52m 11s, episode reward -2.0, episode length 109
Time 08h 54m 41s, episode reward -2.0, episode length 102
Time 08h 57m 39s, episode reward -2.0, episode length 125
Time 09h 00m 25s, episode reward -2.0, episode length 112
Time 09h 03m 15s, episode reward -2.0, episode length 119
Time 09h 05m 56s, episode reward -2.0, episode length 117
Time 09h 09m 22s, episode reward -4.0, episode length 183
Time 09h 13m 17s, episode reward -5.0, episode length 215
Time 09h 16m 50s, episode reward -4.0, episode length 170
Time 09h 19m 19s, episode reward -2.0, episode length 100
Time 09h 21m 43s, episode reward -2.0, episode length 100
Time 09h 24m 25s, episode reward -2.0, episode length 114
Time 09h 27m 20s, episode reward -2.0, episode length 128
Time 09h 29m 48s, episode reward -2.0, episode length 100
Time 09h 32m 24s, episode reward -2.0, episode length 108
Time 09h 35m 03s, episode reward -2.0, episode length 109
Time 09h 37m 39s, episode reward -2.0, episode length 111
Time 09h 40m 33s, episode reward -2.0, episode length 123
Time 09h 43m 09s, episode reward -2.0, episode length 110
Time 09h 45m 34s, episode reward -2.0, episode length 106
Time 09h 48m 21s, episode reward -2.0, episode length 110
Time 09h 51m 04s, episode reward -2.0, episode length 111
Time 09h 53m 47s, episode reward -2.0, episode length 111
Time 09h 56m 30s, episode reward -2.0, episode length 110
Time 09h 59m 17s, episode reward -2.0, episode length 112
Time 10h 01m 52s, episode reward -2.0, episode length 102
Time 10h 04m 26s, episode reward -2.0, episode length 102
Time 10h 06m 56s, episode reward -2.0, episode length 102
Time 10h 09m 28s, episode reward -2.0, episode length 102
Time 10h 12m 36s, episode reward -3.0, episode length 142
Time 10h 15m 27s, episode reward -2.0, episode length 116
Time 10h 17m 58s, episode reward -2.0, episode length 110
Time 10h 20m 17s, episode reward -2.0, episode length 101
Time 10h 22m 46s, episode reward -2.0, episode length 101
Time 10h 25m 24s, episode reward -2.0, episode length 106
Time 10h 28m 00s, episode reward -2.0, episode length 107
Time 10h 31m 17s, episode reward -3.0, episode length 151
Time 10h 34m 59s, episode reward -4.0, episode length 175
Time 10h 38m 11s, episode reward -3.0, episode length 145
Time 10h 41m 35s, episode reward -3.0, episode length 152
Time 10h 45m 18s, episode reward -4.0, episode length 177
Time 10h 49m 08s, episode reward -3.0, episode length 185
Time 10h 53m 07s, episode reward -5.0, episode length 225
Time 10h 56m 06s, episode reward -3.0, episode length 148
Time 10h 58m 51s, episode reward -2.0, episode length 117
Time 11h 01m 34s, episode reward -2.0, episode length 108
Time 11h 04m 21s, episode reward -2.0, episode length 113
Time 11h 07m 07s, episode reward -2.0, episode length 119
Time 11h 09m 37s, episode reward -2.0, episode length 101
Time 11h 12m 14s, episode reward -2.0, episode length 107
Time 11h 15m 10s, episode reward -2.0, episode length 125
Time 11h 18m 28s, episode reward -3.0, episode length 158
Time 11h 21m 27s, episode reward -2.0, episode length 131
Time 11h 25m 04s, episode reward -4.0, episode length 176
Time 11h 27m 55s, episode reward -3.0, episode length 145
Time 11h 30m 38s, episode reward -2.0, episode length 113
Time 11h 33m 27s, episode reward -2.0, episode length 114
Time 11h 36m 08s, episode reward -2.0, episode length 115
Time 11h 39m 16s, episode reward -3.0, episode length 136
Time 11h 42m 24s, episode reward -3.0, episode length 137
Time 11h 44m 56s, episode reward -1.0, episode length 101
Time 11h 47m 27s, episode reward 0.0, episode length 101
Time 11h 50m 00s, episode reward 0.0, episode length 101
Time 11h 53m 10s, episode reward -3.0, episode length 140
Time 11h 55m 45s, episode reward 0.0, episode length 101
Time 11h 58m 19s, episode reward 0.0, episode length 101
Time 12h 00m 40s, episode reward -2.0, episode length 100
Time 12h 03m 01s, episode reward -2.0, episode length 100
Time 12h 05m 31s, episode reward -2.0, episode length 100
Time 12h 08m 00s, episode reward -2.0, episode length 100
Time 12h 10m 32s, episode reward -2.0, episode length 100
Time 12h 13m 03s, episode reward -2.0, episode length 100
Time 12h 15m 35s, episode reward 0.0, episode length 101
Time 12h 18m 07s, episode reward 0.0, episode length 101
Time 12h 20m 38s, episode reward -2.0, episode length 101
Time 12h 23m 10s, episode reward 0.0, episode length 101
Time 12h 25m 46s, episode reward 0.0, episode length 101
Time 12h 28m 19s, episode reward 0.0, episode length 101
Time 12h 31m 33s, episode reward -3.0, episode length 151
Time 12h 33m 59s, episode reward 0.0, episode length 101
Time 12h 36m 22s, episode reward 0.0, episode length 105
Time 12h 38m 55s, episode reward 1.0, episode length 101
Time 12h 41m 29s, episode reward 0.0, episode length 101
Time 12h 44m 14s, episode reward -2.0, episode length 113
Time 12h 46m 53s, episode reward -2.0, episode length 103
Time 12h 49m 30s, episode reward -2.0, episode length 103
Time 12h 52m 13s, episode reward -2.0, episode length 113
Time 12h 54m 47s, episode reward -2.0, episode length 101
Time 12h 57m 19s, episode reward -2.0, episode length 101
Time 12h 59m 53s, episode reward -2.0, episode length 101
Time 13h 02m 26s, episode reward -2.0, episode length 101
Time 13h 04m 57s, episode reward -2.0, episode length 102
Time 13h 07m 27s, episode reward -2.0, episode length 103
Time 13h 09m 52s, episode reward -2.0, episode length 103
Time 13h 12m 21s, episode reward -2.0, episode length 103
Time 13h 14m 55s, episode reward -2.0, episode length 105
Time 13h 17m 29s, episode reward -2.0, episode length 104
Time 13h 20m 04s, episode reward -2.0, episode length 104
Time 13h 22m 38s, episode reward -2.0, episode length 103
Time 13h 25m 17s, episode reward -2.0, episode length 105
Time 13h 27m 47s, episode reward -2.0, episode length 104
Time 13h 30m 18s, episode reward -2.0, episode length 106
Time 13h 32m 48s, episode reward -2.0, episode length 101
Time 13h 35m 22s, episode reward -2.0, episode length 100
Time 13h 37m 53s, episode reward -2.0, episode length 100
Time 13h 40m 26s, episode reward -2.0, episode length 100
Time 13h 42m 43s, episode reward -2.0, episode length 100
Time 13h 44m 59s, episode reward -2.0, episode length 100
Time 13h 47m 33s, episode reward -2.0, episode length 100
Time 13h 50m 01s, episode reward -2.0, episode length 100
Time 13h 52m 32s, episode reward -2.0, episode length 100
Time 13h 55m 09s, episode reward -2.0, episode length 102
Time 13h 57m 44s, episode reward -2.0, episode length 104
Time 14h 00m 23s, episode reward -2.0, episode length 109
Time 14h 02m 57s, episode reward -2.0, episode length 103
Time 14h 05m 28s, episode reward -2.0, episode length 102
Time 14h 08m 01s, episode reward -2.0, episode length 103
Time 14h 10m 35s, episode reward -2.0, episode length 104
Time 14h 13m 03s, episode reward -2.0, episode length 101
Time 14h 15m 29s, episode reward -2.0, episode length 101
Time 14h 17m 53s, episode reward -2.0, episode length 102
Time 14h 20m 21s, episode reward -2.0, episode length 102
Time 14h 22m 54s, episode reward -2.0, episode length 101
Time 14h 25m 32s, episode reward -2.0, episode length 103
Time 14h 28m 02s, episode reward -2.0, episode length 104
Time 14h 30m 38s, episode reward -2.0, episode length 103
Time 14h 33m 20s, episode reward -2.0, episode length 110
Time 14h 36m 35s, episode reward -3.0, episode length 149
Time 14h 39m 42s, episode reward -3.0, episode length 139
Time 14h 42m 11s, episode reward -2.0, episode length 100
Time 14h 45m 07s, episode reward -2.0, episode length 122
Time 14h 47m 46s, episode reward -2.0, episode length 111
Time 14h 50m 32s, episode reward -2.0, episode length 120
Time 14h 52m 56s, episode reward -2.0, episode length 100
Time 14h 55m 48s, episode reward -2.0, episode length 120
Time 14h 58m 47s, episode reward -2.0, episode length 129
Time 15h 01m 41s, episode reward -2.0, episode length 125
Time 15h 04m 15s, episode reward -2.0, episode length 100
Time 15h 06m 45s, episode reward -2.0, episode length 100
Time 15h 09m 16s, episode reward -2.0, episode length 100
Time 15h 11m 51s, episode reward -2.0, episode length 100
Time 15h 14m 26s, episode reward -2.0, episode length 100
Time 15h 16m 57s, episode reward -2.0, episode length 100
Time 15h 19m 30s, episode reward -2.0, episode length 100
Time 15h 22m 05s, episode reward -2.0, episode length 100
Time 15h 24m 24s, episode reward -2.0, episode length 100
Time 15h 26m 36s, episode reward -2.0, episode length 100
Time 15h 29m 10s, episode reward -2.0, episode length 100
Time 15h 31m 49s, episode reward -2.0, episode length 100
Time 15h 34m 28s, episode reward -2.0, episode length 107
Time 15h 37m 09s, episode reward -2.0, episode length 111
Time 15h 40m 33s, episode reward -3.0, episode length 157
Time 15h 43m 20s, episode reward -2.0, episode length 116
Time 15h 45m 47s, episode reward -2.0, episode length 100
Time 15h 48m 26s, episode reward -2.0, episode length 108
Time 15h 51m 05s, episode reward -2.0, episode length 111
Time 15h 53m 48s, episode reward -2.0, episode length 108
Time 15h 56m 26s, episode reward -2.0, episode length 108
Time 15h 58m 55s, episode reward -2.0, episode length 107
Time 16h 01m 18s, episode reward -2.0, episode length 100
Time 16h 03m 47s, episode reward -2.0, episode length 100
Time 16h 06m 17s, episode reward -2.0, episode length 100
Time 16h 08m 49s, episode reward -2.0, episode length 100
Time 16h 11m 20s, episode reward -2.0, episode length 100
Time 16h 13m 52s, episode reward -2.0, episode length 100
Time 16h 16m 23s, episode reward -2.0, episode length 100
Time 16h 18m 53s, episode reward -2.0, episode length 100
Time 16h 21m 25s, episode reward -2.0, episode length 100
Time 16h 24m 12s, episode reward -2.0, episode length 114
Time 16h 27m 04s, episode reward -2.0, episode length 122
Time 16h 30m 47s, episode reward -3.0, episode length 174
Time 16h 33m 59s, episode reward -2.0, episode length 161
Time 16h 36m 21s, episode reward 0.0, episode length 101
Time 16h 40m 00s, episode reward 0.0, episode length 174
Time 16h 43m 03s, episode reward -3.0, episode length 135
Time 16h 46m 08s, episode reward -3.0, episode length 135
Time 16h 50m 50s, episode reward -6.0, episode length 239
Time 16h 54m 37s, episode reward -4.0, episode length 174
Time 16h 58m 28s, episode reward -4.0, episode length 190
Time 17h 01m 52s, episode reward -3.0, episode length 157
Time 17h 06m 04s, episode reward -5.0, episode length 206
Time 17h 08m 58s, episode reward -3.0, episode length 141
Time 17h 12m 22s, episode reward -4.0, episode length 174
Time 17h 15m 16s, episode reward -2.0, episode length 120
Time 17h 18m 13s, episode reward -2.0, episode length 122
Time 17h 21m 06s, episode reward -2.0, episode length 121
Time 17h 24m 16s, episode reward -3.0, episode length 143
Time 17h 27m 54s, episode reward -4.0, episode length 171
Time 17h 31m 13s, episode reward -3.0, episode length 150
Time 17h 34m 27s, episode reward -3.0, episode length 145
Time 17h 37m 38s, episode reward -3.0, episode length 138
Time 17h 41m 01s, episode reward -3.0, episode length 151
Time 17h 44m 28s, episode reward -4.0, episode length 171
Time 17h 46m 57s, episode reward -2.0, episode length 108
Time 17h 49m 27s, episode reward -2.0, episode length 100
Time 17h 52m 31s, episode reward -3.0, episode length 135
Time 17h 55m 05s, episode reward -2.0, episode length 100
Time 17h 57m 34s, episode reward -2.0, episode length 100
Time 18h 00m 30s, episode reward -2.0, episode length 130
Time 18h 04m 12s, episode reward -4.0, episode length 178
Time 18h 07m 34s, episode reward -3.0, episode length 151
Time 18h 10m 38s, episode reward -2.0, episode length 129
Time 18h 13m 43s, episode reward -2.0, episode length 133
Time 18h 17m 21s, episode reward -4.0, episode length 175
Time 18h 21m 38s, episode reward -5.0, episode length 230
Time 18h 26m 37s, episode reward -6.0, episode length 254
Time 18h 29m 17s, episode reward -2.0, episode length 112
Time 18h 32m 02s, episode reward -2.0, episode length 116
Time 18h 34m 42s, episode reward -2.0, episode length 106
Time 18h 37m 22s, episode reward -2.0, episode length 100
Time 18h 40m 40s, episode reward -3.0, episode length 145
Time 18h 43m 48s, episode reward -3.0, episode length 142
Time 18h 46m 57s, episode reward -3.0, episode length 138
Time 18h 49m 27s, episode reward -2.0, episode length 100
Time 18h 53m 32s, episode reward -4.0, episode length 195
Time 18h 55m 56s, episode reward -2.0, episode length 100
Time 18h 58m 28s, episode reward -2.0, episode length 100
Time 19h 01m 08s, episode reward -2.0, episode length 100
Time 19h 03m 39s, episode reward -2.0, episode length 100
Time 19h 06m 16s, episode reward -2.0, episode length 100
Time 19h 08m 49s, episode reward -2.0, episode length 100
Time 19h 11m 19s, episode reward -2.0, episode length 100
Time 19h 13m 52s, episode reward -2.0, episode length 100
Time 19h 16m 28s, episode reward -2.0, episode length 100
Time 19h 19m 09s, episode reward -2.0, episode length 111
Time 19h 21m 49s, episode reward -2.0, episode length 109
Time 19h 24m 40s, episode reward -2.0, episode length 117
Time 19h 27m 10s, episode reward -2.0, episode length 100
Time 19h 29m 35s, episode reward -2.0, episode length 110
Time 19h 32m 12s, episode reward -2.0, episode length 108
Time 19h 34m 56s, episode reward -2.0, episode length 113
Time 19h 37m 31s, episode reward -2.0, episode length 108
Time 19h 40m 15s, episode reward -2.0, episode length 108
Time 19h 43m 01s, episode reward -2.0, episode length 115
Time 19h 45m 45s, episode reward -2.0, episode length 109
Time 19h 48m 31s, episode reward -2.0, episode length 110
Time 19h 51m 02s, episode reward -2.0, episode length 100
Time 19h 53m 36s, episode reward -2.0, episode length 100
Time 19h 56m 09s, episode reward -2.0, episode length 100
Time 19h 58m 43s, episode reward -2.0, episode length 100
Time 20h 01m 18s, episode reward -2.0, episode length 100
Time 20h 03m 43s, episode reward -2.0, episode length 100
Time 20h 06m 00s, episode reward -2.0, episode length 100
Time 20h 08m 35s, episode reward -2.0, episode length 100
Time 20h 11m 54s, episode reward -3.0, episode length 155
Time 20h 15m 22s, episode reward -3.0, episode length 162
Time 20h 17m 59s, episode reward -2.0, episode length 106
Time 20h 21m 59s, episode reward -4.0, episode length 187
Time 20h 24m 38s, episode reward -2.0, episode length 105
Time 20h 27m 16s, episode reward -2.0, episode length 104
Time 20h 29m 53s, episode reward -2.0, episode length 102
Time 20h 32m 24s, episode reward -2.0, episode length 101
Time 20h 34m 59s, episode reward -2.0, episode length 100
Time 20h 37m 41s, episode reward -2.0, episode length 103
Time 20h 40m 09s, episode reward -2.0, episode length 102
Time 20h 43m 51s, episode reward -4.0, episode length 180
Time 20h 47m 08s, episode reward -3.0, episode length 141
Time 20h 49m 43s, episode reward -2.0, episode length 103
Time 20h 54m 01s, episode reward -5.0, episode length 210
Time 20h 56m 56s, episode reward -2.0, episode length 118
Time 21h 00m 15s, episode reward -3.0, episode length 149
Time 21h 03m 29s, episode reward -3.0, episode length 146
Time 21h 06m 20s, episode reward -2.0, episode length 113
Time 21h 08m 59s, episode reward -2.0, episode length 107
Time 21h 11m 32s, episode reward -2.0, episode length 105
Time 21h 13m 59s, episode reward -2.0, episode length 104
Time 21h 16m 26s, episode reward -2.0, episode length 100
Time 21h 18m 58s, episode reward -2.0, episode length 100
Time 21h 21m 31s, episode reward -2.0, episode length 100
Time 21h 24m 06s, episode reward -2.0, episode length 100
Time 21h 26m 41s, episode reward -2.0, episode length 100
Time 21h 29m 19s, episode reward -2.0, episode length 100
Time 21h 31m 49s, episode reward -2.0, episode length 100
Time 21h 34m 22s, episode reward -2.0, episode length 100
Time 21h 36m 55s, episode reward -2.0, episode length 100
Time 21h 39m 36s, episode reward -2.0, episode length 104
Time 21h 42m 27s, episode reward -2.0, episode length 118
Time 21h 45m 03s, episode reward -2.0, episode length 105
Time 21h 47m 32s, episode reward -2.0, episode length 105
Time 21h 50m 10s, episode reward -2.0, episode length 122
Time 21h 52m 50s, episode reward -2.0, episode length 104
Time 21h 55m 29s, episode reward -2.0, episode length 105
Time 21h 58m 07s, episode reward -2.0, episode length 105
Time 22h 00m 47s, episode reward -2.0, episode length 105
Time 22h 03m 27s, episode reward -2.0, episode length 104
Time 22h 06m 10s, episode reward -2.0, episode length 104
Time 22h 08m 52s, episode reward -2.0, episode length 106
Time 22h 12m 17s, episode reward -3.0, episode length 151
Time 22h 14m 55s, episode reward -2.0, episode length 104
Time 22h 17m 40s, episode reward -2.0, episode length 108
Time 22h 20m 57s, episode reward -3.0, episode length 153
Time 22h 23m 22s, episode reward -2.0, episode length 106
Time 22h 26m 03s, episode reward -2.0, episode length 119
Time 22h 29m 37s, episode reward -3.0, episode length 164
Time 22h 33m 43s, episode reward -5.0, episode length 206
Time 22h 36m 41s, episode reward -2.0, episode length 126
Time 22h 39m 22s, episode reward -2.0, episode length 105
Time 22h 42m 00s, episode reward -2.0, episode length 105
Time 22h 46m 25s, episode reward -3.0, episode length 221
Time 22h 49m 10s, episode reward -2.0, episode length 110
Time 22h 52m 25s, episode reward -3.0, episode length 143
Time 22h 55m 25s, episode reward -2.0, episode length 122
Time 22h 58m 18s, episode reward -2.0, episode length 123
Time 23h 01m 05s, episode reward -2.0, episode length 121
Time 23h 04m 27s, episode reward -3.0, episode length 148
Time 23h 07m 28s, episode reward -2.0, episode length 130
Time 23h 10m 05s, episode reward -2.0, episode length 106
Time 23h 12m 40s, episode reward -2.0, episode length 105
Time 23h 16m 02s, episode reward -3.0, episode length 156
Time 23h 18m 52s, episode reward -2.0, episode length 123
Time 23h 22m 24s, episode reward -3.0, episode length 163
Time 23h 26m 02s, episode reward -4.0, episode length 170
Time 23h 28m 59s, episode reward -2.0, episode length 128
Time 23h 32m 17s, episode reward -3.0, episode length 145
Time 23h 37m 32s, episode reward -7.0, episode length 296
Time 23h 40m 11s, episode reward -2.0, episode length 113
Time 23h 43m 09s, episode reward -2.0, episode length 118
Time 23h 46m 22s, episode reward -3.0, episode length 139
Time 23h 49m 32s, episode reward -3.0, episode length 135
Time 23h 52m 25s, episode reward -2.0, episode length 113
Time 23h 55m 14s, episode reward -2.0, episode length 113
Time 23h 57m 56s, episode reward -2.0, episode length 113
Time 00h 00m 47s, episode reward -2.0, episode length 112
Time 00h 03m 39s, episode reward -2.0, episode length 114
Time 00h 06m 31s, episode reward -2.0, episode length 119
Time 00h 09m 23s, episode reward -2.0, episode length 116
Time 00h 12m 49s, episode reward -4.0, episode length 170
Time 00h 15m 24s, episode reward -2.0, episode length 113
Time 00h 18m 11s, episode reward -2.0, episode length 113
Time 00h 22m 22s, episode reward -4.0, episode length 198
Time 00h 25m 10s, episode reward -2.0, episode length 115
Time 00h 28m 05s, episode reward -2.0, episode length 115
Time 00h 30m 59s, episode reward -2.0, episode length 115
Time 00h 33m 37s, episode reward -2.0, episode length 100
Time 00h 36m 19s, episode reward -2.0, episode length 110
Time 00h 39m 01s, episode reward -2.0, episode length 100
Time 00h 41m 41s, episode reward -2.0, episode length 100
Time 00h 44m 14s, episode reward -2.0, episode length 100
Time 00h 46m 51s, episode reward -2.0, episode length 100
Time 00h 49m 29s, episode reward -2.0, episode length 115
Time 00h 52m 00s, episode reward -2.0, episode length 113
Time 00h 54m 49s, episode reward -2.0, episode length 114
Time 00h 57m 40s, episode reward -2.0, episode length 117
Time 01h 00m 29s, episode reward -2.0, episode length 117
Time 01h 03m 23s, episode reward -2.0, episode length 115
Time 01h 06m 16s, episode reward -2.0, episode length 117
Time 01h 09m 12s, episode reward -2.0, episode length 117
Time 01h 12m 06s, episode reward -2.0, episode length 114
Time 01h 14m 54s, episode reward -2.0, episode length 113
Time 01h 17m 47s, episode reward -2.0, episode length 114
Time 01h 21m 02s, episode reward -3.0, episode length 145
Time 01h 24m 52s, episode reward -4.0, episode length 189
Time 01h 27m 48s, episode reward -3.0, episode length 144
Time 01h 30m 22s, episode reward -2.0, episode length 104
Time 01h 33m 00s, episode reward -2.0, episode length 104
Time 01h 36m 24s, episode reward -3.0, episode length 153
Time 01h 39m 22s, episode reward -2.0, episode length 126
Time 01h 42m 26s, episode reward -2.0, episode length 130
Time 01h 45m 23s, episode reward -2.0, episode length 132
